,Date,Team,Goals,Assists,Points,Plusminus,PIM,PPG,PPP,SHG,SHP,GWG,OTG,Shots,TOI,Shifts,Year,season,Home,toi2,toi3,toi_seconds,opponent,opp_2
1,09-Apr,@ VAN,0,0,0,-1,0,0,0,0,0,0,0,0,21:45,21,2016,1516,0,0:21:45,0:21:45,1305,VAN,VAN
2,06-Apr,vs VAN,1,2,3,1,2,1,2,0,0,1,0,5,18:00,20,2016,1516,1,0:18:00,0:18:00,1080,VAN,VAN
3,02-Apr,vs CGY,0,0,0,-2,0,0,0,0,0,0,0,2,20:20,22,2016,1516,1,0:20:20,0:20:20,1220,CGY,CGY
4,28-Mar,vs ANA,0,0,0,0,2,0,0,0,0,0,0,2,21:32,24,2016,1516,1,0:21:32,0:21:32,1292,ANA,OTHER
5,26-Mar,@ LAK,1,1,2,1,0,0,0,0,0,0,0,2,20:53,23,2016,1516,0,0:20:53,0:20:53,1253,LAK,OTHER
6,24-Mar,@ SJS,0,1,1,3,0,0,0,0,0,0,0,2,20:27,26,2016,1516,0,0:20:27,0:20:27,1227,SJS,OTHER
7,22-Mar,@ ARI,0,2,2,-2,2,0,2,0,0,0,0,5,18:49,25,2016,1516,0,0:18:49,0:18:49,1129,ARI,OTHER
8,20-Mar,vs COL,0,1,1,1,2,0,0,0,0,0,0,2,20:54,21,2016,1516,1,0:20:54,0:20:54,1254,COL,OTHER
9,18-Mar,vs VAN,0,1,1,1,0,0,0,0,0,0,0,2,16:18,20,2016,1516,1,0:16:18,0:16:18,978,VAN,VAN
10,16-Mar,vs STL,0,2,2,0,0,0,2,0,0,0,0,4,21:19,23,2016,1516,1,0:21:19,0:21:19,1279,STL,OTHER
11,14-Mar,vs NSH,0,1,1,0,0,0,0,0,0,0,0,1,23:22,23,2016,1516,1,0:23:22,0:23:22,1402,NSH,OTHER
12,12-Mar,vs ARI,0,0,0,-2,0,0,0,0,0,0,0,5,19:25,25,2016,1516,1,0:19:25,0:19:25,1165,ARI,OTHER
13,10-Mar,@ MIN,1,0,1,1,0,0,0,0,0,1,0,2,20:59,22,2016,1516,0,0:20:59,0:20:59,1259,MIN,OTHER
14,08-Mar,vs SJS,0,0,0,0,0,0,0,0,0,0,0,2,20:44,23,2016,1516,1,0:20:44,0:20:44,1244,SJS,OTHER
15,06-Mar,@ WPG,0,0,0,0,0,0,0,0,0,0,0,5,20:23,23,2016,1516,0,0:20:23,0:20:23,1223,WPG,WPG
16,04-Mar,@ CBJ,1,1,2,0,0,0,1,0,0,0,0,2,18:19,21,2016,1516,0,0:18:19,0:18:19,1099,CBJ,OTHER
17,03-Mar,@ PHI,0,1,1,1,0,0,0,0,0,0,0,2,18:19,24,2016,1516,0,0:18:19,0:18:19,1099,PHI,OTHER
18,01-Mar,@ BUF,2,0,2,1,0,0,0,0,0,1,1,5,22:23,25,2016,1516,0,0:22:23,0:22:23,1343,BUF,OTHER
19,28-Feb,vs NYI,0,1,1,1,0,0,0,0,0,0,0,2,19:09,23,2016,1516,1,0:19:09,0:19:09,1149,NYI,OTHER
20,26-Feb,@ ANA,0,0,0,1,0,0,0,0,0,0,0,0,19:42,22,2016,1516,0,0:19:42,0:19:42,1182,ANA,OTHER
21,25-Feb,@ LAK,0,0,0,-1,0,0,0,0,0,0,0,2,17:03,22,2016,1516,0,0:17:03,0:17:03,1023,LAK,OTHER
22,23-Feb,vs OTT,0,1,1,0,2,0,0,0,0,0,0,3,17:43,21,2016,1516,1,0:17:43,0:17:43,1063,OTT,OTHER
23,20-Feb,vs COL,0,1,1,-1,0,0,0,0,0,0,0,1,17:46,21,2016,1516,1,0:17:46,0:17:46,1066,COL,OTHER
24,18-Feb,vs MIN,1,0,1,0,0,0,0,0,0,0,0,4,20:00,23,2016,1516,1,0:20:00,0:20:00,1200,MIN,OTHER
25,16-Feb,vs ANA,0,1,1,-2,0,0,0,0,0,0,0,0,17:31,24,2016,1516,1,0:17:31,0:17:31,1051,ANA,OTHER
26,13-Feb,vs WPG,0,0,0,-1,0,0,0,0,0,0,0,4,20:23,27,2016,1516,1,0:20:23,0:20:23,1223,WPG,WPG
27,11-Feb,vs TOR,2,3,5,4,0,0,1,0,0,0,0,5,18:51,24,2016,1516,1,0:18:51,0:18:51,1131,TOR,OTHER
28,09-Feb,@ NJD,0,1,1,1,0,0,0,0,0,0,0,2,19:02,21,2016,1516,0,0:19:02,0:19:02,1142,NJD,OTHER
29,07-Feb,@ NYI,1,0,1,-2,2,0,0,0,0,0,0,3,16:25,22,2016,1516,0,0:16:25,0:16:25,985,NYI,OTHER
30,06-Feb,@ MTL,0,0,0,-1,0,0,0,0,0,0,0,0,17:56,20,2016,1516,0,0:17:56,0:17:56,1076,MTL,MTL
31,04-Feb,@ OTT,0,2,2,0,0,0,1,0,0,0,0,1,13:22,22,2016,1516,0,0:13:22,0:13:22,802,OTT,OTHER
32,02-Feb,vs CBJ,1,2,3,1,0,0,2,0,0,1,0,4,16:43,18,2016,1516,1,0:16:43,0:16:43,1003,CBJ,OTHER
33,03-Nov,vs PHI,0,0,0,-1,0,0,0,0,0,0,0,2,11:28,13,2015,1516,1,0:11:28,0:11:28,688,PHI,OTHER
34,31-Oct,vs CGY,0,0,0,-2,2,0,0,0,0,0,0,0,20:20,28,2015,1516,1,0:20:20,0:20:20,1220,CGY,CGY
35,29-Oct,vs MTL,0,2,2,2,0,0,0,0,0,0,0,2,20:19,28,2015,1516,1,0:20:19,0:20:19,1219,MTL,MTL
36,27-Oct,@ MIN,0,1,1,0,0,0,0,0,0,0,0,3,22:19,27,2015,1516,0,0:22:19,0:22:19,1339,MIN,OTHER
37,25-Oct,vs LAK,0,1,1,1,0,0,0,0,0,0,0,3,18:54,25,2015,1516,1,0:18:54,0:18:54,1134,LAK,OTHER
38,23-Oct,vs WSH,1,1,2,-2,2,1,1,0,0,0,0,1,17:30,25,2015,1516,1,0:17:30,0:17:30,1050,WSH,OTHER
39,21-Oct,vs DET,1,0,1,1,0,0,0,0,0,1,0,1,15:36,23,2015,1516,1,0:15:36,0:15:36,936,DET,OTHER
40,18-Oct,@ VAN,0,1,1,0,0,0,1,0,0,0,0,1,16:28,24,2015,1516,0,0:16:28,0:16:28,988,VAN,VAN
41,17-Oct,@ CGY,2,1,3,2,2,1,1,0,0,0,0,4,17:45,23,2015,1516,0,0:17:45,0:17:45,1065,CGY,CGY
42,15-Oct,vs STL,0,0,0,-3,0,0,0,0,0,0,0,0,20:17,25,2015,1516,1,0:20:17,0:20:17,1217,STL,OTHER
43,13-Oct,@ DAL,1,0,1,-1,0,0,0,0,0,0,0,3,16:20,24,2015,1516,0,0:16:20,0:16:20,980,DAL,OTHER
44,10-Oct,@ NSH,0,0,0,0,0,0,0,0,0,0,0,2,18:39,22,2015,1516,0,0:18:39,0:18:39,1119,NSH,OTHER
45,08-Oct,@ STL,0,0,0,-1,0,0,0,0,0,0,0,2,18:07,22,2015,1516,0,0:18:07,0:18:07,1087,STL,OTHER
46,09-Apr,vs VAN,0,2,2,2,0,0,0,0,0,0,0,5,14:33,16,2017,1617,1,0:14:33,0:14:33,873,VAN,VAN
47,08-Apr,@ VAN,0,1,1,-1,0,0,1,0,0,0,0,4,19:06,23,2017,1617,0,0:19:06,0:19:06,1146,VAN,VAN
48,06-Apr,@ SJS,1,1,2,1,0,0,1,0,0,0,0,3,24:11:00,28,2017,1617,0,0:24:11,0:24:11,1451,SJS,OTHER
49,04-Apr,@ LAK,0,1,1,-3,0,0,1,0,0,0,0,2,20:26,24,2017,1617,0,0:20:26,0:20:26,1226,LAK,OTHER
50,01-Apr,vs ANA,1,2,3,2,0,0,1,0,0,0,0,7,24:27:00,31,2017,1617,1,0:24:27,0:24:27,1467,ANA,OTHER
51,30-Mar,vs SJS,1,1,2,2,0,0,0,1,1,0,0,5,21:03,28,2017,1617,1,0:21:03,0:21:03,1263,SJS,OTHER
52,28-Mar,vs LAK,1,0,1,1,0,0,0,0,0,0,0,6,21:46,21,2017,1617,1,0:21:46,0:21:46,1306,LAK,OTHER
53,25-Mar,vs COL,0,1,1,0,0,0,0,0,0,0,0,2,20:38,22,2017,1617,1,0:20:38,0:20:38,1238,COL,OTHER
54,23-Mar,@ COL,0,2,2,0,0,0,0,0,0,0,0,1,18:13,21,2017,1617,0,0:18:13,0:18:13,1093,COL,OTHER
55,22-Mar,@ ANA,1,2,3,1,2,0,1,0,0,0,0,2,21:51,22,2017,1617,0,0:21:51,0:21:51,1311,ANA,OTHER
56,20-Mar,vs LAK,0,2,2,1,0,0,1,0,0,0,0,4,17:58,23,2017,1617,1,0:17:58,0:17:58,1078,LAK,OTHER
57,18-Mar,vs VAN,1,0,1,1,0,0,0,0,0,1,0,1,22:46,22,2017,1617,1,0:22:46,0:22:46,1366,VAN,VAN
58,16-Mar,vs BOS,0,3,3,2,0,0,1,0,0,0,0,3,20:33,24,2017,1617,1,0:20:33,0:20:33,1233,BOS,OTHER
59,14-Mar,vs DAL,1,0,1,2,0,0,0,0,0,0,0,1,17:41,21,2017,1617,1,0:17:41,0:17:41,1061,DAL,OTHER
60,12-Mar,vs MTL,0,0,0,-3,0,0,0,0,0,0,0,2,23:17,27,2017,1617,1,0:23:17,0:23:17,1397,MTL,MTL
61,10-Mar,vs PIT,1,0,1,-1,0,1,1,0,0,0,0,9,26:53:00,30,2017,1617,1,0:26:53,0:26:53,1613,PIT,OTHER
62,07-Mar,vs NYI,0,0,0,-1,0,0,0,0,0,0,0,2,24:05:00,21,2017,1617,1,0:24:05,0:24:05,1445,NYI,OTHER
63,04-Mar,vs DET,1,1,2,1,2,0,0,0,0,0,0,1,17:15,21,2017,1617,1,0:17:15,0:17:15,1035,DET,OTHER
64,28-Feb,@ STL,0,1,1,1,0,0,1,0,0,0,0,5,22:05,25,2017,1617,0,0:22:05,0:22:05,1325,STL,OTHER
65,26-Feb,@ NSH,1,1,2,1,0,0,1,0,0,0,0,4,23:00,25,2017,1617,0,0:23:00,0:23:00,1380,NSH,OTHER
66,24-Feb,@ WSH,0,1,1,-1,0,0,0,0,0,0,0,1,21:42,24,2017,1617,0,0:21:42,0:21:42,1302,WSH,OTHER
67,22-Feb,@ FLA,0,1,1,1,0,0,0,0,0,0,0,5,23:12,25,2017,1617,0,0:23:12,0:23:12,1392,FLA,OTHER
68,21-Feb,@ TBL,0,0,0,-3,0,0,0,0,0,0,0,3,21:05,26,2017,1617,0,0:21:05,0:21:05,1265,TBL,OTHER
69,18-Feb,@ CHI,1,0,1,1,0,0,0,0,0,0,0,3,21:03,25,2017,1617,0,0:21:03,0:21:03,1263,CHI,OTHER
70,16-Feb,vs PHI,1,2,3,3,0,0,0,0,0,0,0,3,16:31,21,2017,1617,1,0:16:31,0:16:31,991,PHI,OTHER
71,14-Feb,vs ARI,0,2,2,1,0,0,1,0,0,0,0,2,18:24,24,2017,1617,1,0:18:24,0:18:24,1104,ARI,OTHER
72,11-Feb,vs CHI,0,1,1,1,0,0,0,0,0,0,0,2,19:02,21,2017,1617,1,0:19:02,0:19:02,1142,CHI,OTHER
73,05-Feb,@ MTL,0,0,0,0,0,0,0,0,0,0,0,6,25:34:00,26,2017,1617,0,0:25:34,0:25:34,1534,MTL,MTL
74,03-Feb,@ CAR,1,0,1,1,0,0,0,0,0,0,0,2,22:33,23,2017,1617,0,0:22:33,0:22:33,1353,CAR,OTHER
75,02-Feb,@ NSH,0,0,0,-2,0,0,0,0,0,0,0,3,21:14,21,2017,1617,0,0:21:14,0:21:14,1274,NSH,OTHER
76,31-Jan,vs MIN,0,0,0,-2,0,0,0,0,0,0,0,3,17:27,20,2017,1617,1,0:17:27,0:17:27,1047,MIN,OTHER
77,26-Jan,@ SJS,1,1,2,1,0,0,0,0,0,0,0,2,19:51,24,2017,1617,0,0:19:51,0:19:51,1191,SJS,OTHER
78,25-Jan,@ ANA,0,1,1,2,0,0,0,0,0,0,0,0,19:51,24,2017,1617,0,0:19:51,0:19:51,1191,ANA,OTHER
79,21-Jan,@ CGY,1,0,1,1,2,0,0,0,0,1,0,2,16:57,19,2017,1617,0,0:16:57,0:16:57,1017,CGY,CGY
80,20-Jan,vs NSH,0,1,1,-1,0,0,1,0,0,0,0,3,24:53:00,26,2017,1617,1,0:24:53,0:24:53,1493,NSH,OTHER
81,18-Jan,vs FLA,1,2,3,2,0,0,1,0,0,1,1,6,24:37:00,27,2017,1617,1,0:24:37,0:24:37,1477,FLA,OTHER
82,16-Jan,vs ARI,0,1,1,1,0,0,0,0,0,0,0,1,18:16,23,2017,1617,1,0:18:16,0:18:16,1096,ARI,OTHER
83,14-Jan,vs CGY,0,0,0,-1,0,0,0,0,0,0,0,2,22:18,28,2017,1617,1,0:22:18,0:22:18,1338,CGY,CGY
84,12-Jan,vs NJD,0,2,2,2,0,0,0,0,0,0,0,4,23:52,26,2017,1617,1,0:23:52,0:23:52,1432,NJD,OTHER
85,10-Jan,vs SJS,0,0,0,-1,2,0,0,0,0,0,0,2,24:05:00,28,2017,1617,1,0:24:05,0:24:05,1445,SJS,OTHER
86,08-Jan,@ OTT,0,2,2,2,0,0,0,0,0,0,0,4,18:15,22,2017,1617,0,0:18:15,0:18:15,1095,OTT,OTHER
87,07-Jan,@ NJD,0,1,1,-1,0,0,1,0,0,0,0,8,23:31,23,2017,1617,0,0:23:31,0:23:31,1411,NJD,OTHER
88,05-Jan,@ BOS,0,2,2,2,0,0,0,0,0,0,0,1,20:54,26,2017,1617,0,0:20:54,0:20:54,1254,BOS,OTHER
89,03-Jan,@ CBJ,0,0,0,0,2,0,0,0,0,0,0,3,22:05,24,2017,1617,0,0:22:05,0:22:05,1325,CBJ,OTHER
90,31-Dec,vs VAN,1,0,1,0,0,1,1,0,0,0,0,4,26:43:00,26,2016,1617,1,0:26:43,0:26:43,1603,VAN,VAN
91,29-Dec,vs LAK,0,0,0,1,0,0,0,0,0,0,0,5,18:48,22,2016,1617,1,0:18:48,0:18:48,1128,LAK,OTHER
92,23-Dec,@ SJS,1,1,2,1,0,0,0,0,0,0,0,3,23:47,26,2016,1617,0,0:23:47,0:23:47,1427,SJS,OTHER
93,21-Dec,@ ARI,0,0,0,0,0,0,0,0,0,0,0,3,19:18,21,2016,1617,0,0:19:18,0:19:18,1158,ARI,OTHER
94,19-Dec,@ STL,0,1,1,1,2,0,0,0,0,0,0,2,20:07,24,2016,1617,0,0:20:07,0:20:07,1207,STL,OTHER
95,17-Dec,vs TBL,0,0,0,0,0,0,0,0,0,0,0,1,24:55:00,29,2016,1617,1,0:24:55,0:24:55,1495,TBL,OTHER
96,13-Dec,vs CBJ,0,0,0,0,0,0,0,0,0,0,0,1,19:42,24,2016,1617,1,0:19:42,0:19:42,1182,CBJ,OTHER
97,11-Dec,vs WPG,0,1,1,-1,0,0,1,0,0,0,0,2,20:28,25,2016,1617,1,0:20:28,0:20:28,1228,WPG,WPG
98,09-Dec,@ MIN,0,0,0,-1,2,0,0,0,0,0,0,6,21:55,26,2016,1617,0,0:21:55,0:21:55,1315,MIN,OTHER
99,08-Dec,@ PHI,1,1,2,0,0,1,1,0,1,0,0,3,20:19,24,2016,1617,0,0:20:19,0:20:19,1219,PHI,OTHER
100,06-Dec,@ BUF,0,2,2,0,2,0,1,0,0,0,0,5,19:54,25,2016,1617,0,0:19:54,0:19:54,1194,BUF,OTHER
101,04-Dec,vs MIN,0,0,0,-1,0,0,0,0,0,0,0,4,20:38,22,2016,1617,1,0:20:38,0:20:38,1238,MIN,OTHER
102,03-Dec,vs ANA,0,0,0,0,0,0,0,0,0,0,0,4,21:40,23,2016,1617,1,0:21:40,0:21:40,1300,ANA,OTHER
103,01-Dec,@ WPG,0,3,3,0,0,0,2,0,0,0,0,3,19:30,21,2016,1617,0,0:19:30,0:19:30,1170,WPG,WPG
104,29-Nov,vs TOR,1,1,2,2,2,0,0,0,0,0,0,1,19:26,25,2016,1617,1,0:19:26,0:19:26,1166,TOR,OTHER
105,27-Nov,vs ARI,0,1,1,1,0,0,0,0,0,0,0,2,22:23,24,2016,1617,1,0:22:23,0:22:23,1343,ARI,OTHER
106,25-Nov,@ ARI,1,0,1,0,0,0,0,0,0,0,0,4,22:43,26,2016,1617,0,0:22:43,0:22:43,1363,ARI,OTHER
107,23-Nov,@ COL,1,2,3,1,0,0,1,0,0,1,0,3,19:31,27,2016,1617,0,0:19:31,0:19:31,1171,COL,OTHER
108,21-Nov,vs CHI,0,2,2,1,0,0,1,0,0,0,0,2,18:42,22,2016,1617,1,0:18:42,0:18:42,1122,CHI,OTHER
109,19-Nov,@ DAL,3,0,3,3,2,0,0,0,0,0,0,4,18:39,28,2016,1617,0,0:18:39,0:18:39,1119,DAL,OTHER
110,17-Nov,@ LAK,0,0,0,-3,0,0,0,0,0,0,0,3,21:34,26,2016,1617,0,0:21:34,0:21:34,1294,LAK,OTHER
111,15-Nov,@ ANA,0,0,0,-1,0,0,0,0,0,0,0,4,22:29,21,2016,1617,0,0:22:29,0:22:29,1349,ANA,OTHER
112,13-Nov,vs NYR,0,1,1,1,0,0,0,0,0,0,0,1,22:49,25,2016,1617,1,0:22:49,0:22:49,1369,NYR,OTHER
113,11-Nov,vs DAL,0,1,1,-1,0,0,0,0,0,0,0,4,22:26,24,2016,1617,1,0:22:26,0:22:26,1346,DAL,OTHER
114,08-Nov,@ PIT,0,3,3,3,0,0,0,0,0,0,0,2,18:53,23,2016,1617,0,0:18:53,0:18:53,1133,PIT,OTHER
115,06-Nov,@ DET,0,1,1,0,0,0,1,0,0,0,0,0,18:36,22,2016,1617,0,0:18:36,0:18:36,1116,DET,OTHER
116,05-Nov,@ NYI,0,0,0,-1,0,0,0,0,0,0,0,6,23:26,26,2016,1617,0,0:23:26,0:23:26,1406,NYI,OTHER
117,03-Nov,@ NYR,0,1,1,-3,0,0,1,0,0,0,0,3,19:37,23,2016,1617,0,0:19:37,0:19:37,1177,NYR,OTHER
118,01-Nov,@ TOR,0,0,0,-2,0,0,0,0,0,0,0,4,22:46,32,2016,1617,0,0:22:46,0:22:46,1366,TOR,OTHER
119,30-Oct,vs OTT,0,0,0,-1,0,0,0,0,0,0,0,2,22:20,23,2016,1617,1,0:22:20,0:22:20,1340,OTT,OTHER
120,28-Oct,@ VAN,1,0,1,2,0,0,0,0,0,1,0,3,21:41,27,2016,1617,0,0:21:41,0:21:41,1301,VAN,VAN
121,26-Oct,vs WSH,0,2,2,1,0,0,1,0,0,0,0,1,21:20,27,2016,1617,1,0:21:20,0:21:20,1280,WSH,OTHER
122,23-Oct,@ WPG,0,1,1,1,2,0,0,0,0,0,0,1,19:53,23,2016,1617,0,0:19:53,0:19:53,1193,WPG,WPG
123,20-Oct,vs STL,1,1,2,2,0,0,0,0,0,0,0,4,22:22,25,2016,1617,1,0:22:22,0:22:22,1342,STL,OTHER
124,18-Oct,vs CAR,0,0,0,0,2,0,0,0,0,0,0,2,20:09,25,2016,1617,1,0:20:09,0:20:09,1209,CAR,OTHER
125,16-Oct,vs BUF,0,0,0,-1,0,0,0,0,0,0,0,1,18:43,24,2016,1617,1,0:18:43,0:18:43,1123,BUF,OTHER
126,14-Oct,@ CGY,1,2,3,2,2,0,2,0,0,0,0,2,22:09,29,2016,1617,0,0:22:09,0:22:09,1329,CGY,CGY
127,12-Oct,vs CGY,2,1,3,2,0,0,0,0,0,1,0,6,23:27,32,2016,1617,1,0:23:27,0:23:27,1407,CGY,CGY
128,07-Apr,vs VAN,0,2,2,1,0,0,1,0,0,0,0,4,22:24,23,2018,1718,1,0:22:24,0:22:24,1344,VAN,VAN
129,05-Apr,vs VGK,0,3,3,1,0,0,1,0,0,0,0,2,20:49,19,2018,1718,1,0:20:49,0:20:49,1249,VGK,OTHER
130,02-Apr,@ MIN,0,0,0,-3,0,0,0,0,0,0,0,4,21:32,22,2018,1718,0,0:21:32,0:21:32,1292,MIN,OTHER
131,31-Mar,@ CGY,0,0,0,-2,0,0,0,0,0,0,0,0,22:47,23,2018,1718,0,0:22:47,0:22:47,1367,CGY,CGY
132,29-Mar,@ VAN,1,0,1,1,0,0,0,0,0,0,0,4,22:22,22,2018,1718,0,0:22:22,0:22:22,1342,VAN,VAN
133,27-Mar,vs CBJ,1,2,3,-2,0,0,1,1,1,0,0,2,17:25,20,2018,1718,1,0:17:25,0:17:25,1045,CBJ,OTHER
134,25-Mar,vs ANA,1,2,3,0,0,0,1,0,0,0,0,4,20:23,23,2018,1718,1,0:20:23,0:20:23,1223,ANA,OTHER
135,24-Mar,vs LAK,2,0,2,2,0,0,0,0,0,1,0,5,22:43,23,2018,1718,1,0:22:43,0:22:43,1363,LAK,OTHER
136,22-Mar,@ OTT,2,2,4,4,0,0,0,0,0,0,0,5,20:52,24,2018,1718,0,0:20:52,0:20:52,1252,OTT,OTHER
137,20-Mar,@ CAR,0,1,1,-1,0,0,0,0,0,0,0,1,18:38,19,2018,1718,0,0:18:38,0:18:38,1118,CAR,OTHER
138,18-Mar,@ TBL,0,0,0,0,0,0,0,0,0,0,0,4,24:16:00,20,2018,1718,0,0:24:16,0:24:16,1456,TBL,OTHER
139,17-Mar,@ FLA,1,2,3,2,0,0,0,0,0,0,0,1,19:39,23,2018,1718,0,0:19:39,0:19:39,1179,FLA,OTHER
140,14-Mar,vs SJS,0,2,2,1,0,0,0,0,0,0,0,0,22:07,24,2018,1718,1,0:22:07,0:22:07,1327,SJS,OTHER
141,13-Mar,@ CGY,0,0,0,0,0,0,0,0,0,0,0,5,24:41:00,21,2018,1718,0,0:24:41,0:24:41,1481,CGY,CGY
142,10-Mar,vs MIN,2,1,3,2,0,1,1,0,0,1,0,3,19:47,22,2018,1718,1,0:19:47,0:19:47,1187,MIN,OTHER
143,08-Mar,vs NYI,1,0,1,0,0,0,0,0,0,0,0,9,27:27:00,26,2018,1718,1,0:27:27,0:27:27,1647,NYI,OTHER
144,05-Mar,vs ARI,0,1,1,1,0,0,0,0,0,0,0,7,24:42:00,24,2018,1718,1,0:24:42,0:24:42,1482,ARI,OTHER
145,03-Mar,vs NYR,1,1,2,1,0,0,0,0,0,0,0,1,23:22,22,2018,1718,1,0:23:22,0:23:22,1402,NYR,OTHER
146,01-Mar,vs NSH,1,1,2,-1,2,0,1,0,0,0,0,2,19:08,22,2018,1718,1,0:19:08,0:19:08,1148,NSH,OTHER
147,27-Feb,@ SJS,1,0,1,-2,0,0,0,0,0,0,0,4,21:57,24,2018,1718,0,0:21:57,0:21:57,1317,SJS,OTHER
148,25-Feb,@ ANA,0,3,3,2,0,0,0,0,0,0,0,7,27:22:00,27,2018,1718,0,0:27:22,0:27:22,1642,ANA,OTHER
149,24-Feb,@ LAK,0,0,0,0,0,0,0,0,0,0,0,3,21:33,26,2018,1718,0,0:21:33,0:21:33,1293,LAK,OTHER
150,22-Feb,vs COL,1,1,2,1,0,0,0,0,0,1,1,8,23:37,24,2018,1718,1,0:23:37,0:23:37,1417,COL,OTHER
151,20-Feb,vs BOS,0,0,0,-1,0,0,0,0,0,0,0,2,19:01,20,2018,1718,1,0:19:01,0:19:01,1141,BOS,OTHER
152,18-Feb,@ COL,3,0,3,3,0,0,0,0,0,0,0,5,19:52,24,2018,1718,0,0:19:52,0:19:52,1192,COL,OTHER
153,17-Feb,@ ARI,0,0,0,-1,0,0,0,0,0,0,0,2,19:09,19,2018,1718,0,0:19:09,0:19:09,1149,ARI,OTHER
154,15-Feb,@ VGK,0,0,0,-1,2,0,0,0,0,0,0,2,18:36,21,2018,1718,0,0:18:36,0:18:36,1116,VGK,OTHER
155,12-Feb,vs FLA,1,1,2,1,0,0,0,0,0,0,0,5,21:05,24,2018,1718,1,0:21:05,0:21:05,1265,FLA,OTHER
156,10-Feb,@ SJS,0,0,0,-1,0,0,0,0,0,0,0,2,21:21,24,2018,1718,0,0:21:21,0:21:21,1281,SJS,OTHER
157,09-Feb,@ ANA,0,1,1,-1,0,0,0,0,0,0,0,3,21:06,22,2018,1718,0,0:21:06,0:21:06,1266,ANA,OTHER
158,07-Feb,@ LAK,1,1,2,-1,0,0,1,0,0,0,0,2,23:39,24,2018,1718,0,0:23:39,0:23:39,1419,LAK,OTHER
159,05-Feb,vs TBL,4,1,5,3,0,1,2,0,0,1,0,9,20:13,18,2018,1718,1,0:20:13,0:20:13,1213,TBL,OTHER
160,01-Feb,vs COL,2,0,2,1,0,0,0,0,0,0,0,4,21:33,23,2018,1718,1,0:21:33,0:21:33,1293,COL,OTHER
161,25-Jan,vs CGY,0,1,1,0,10,0,0,0,0,0,0,7,28:00:00,31,2018,1718,1,0:28:00,0:28:00,1680,CGY,CGY
162,23-Jan,vs BUF,0,0,0,-1,0,0,0,0,0,0,0,3,19:49,22,2018,1718,1,0:19:49,0:19:49,1189,BUF,OTHER
163,20-Jan,vs VAN,0,1,1,1,0,0,0,0,0,0,0,3,19:28,21,2018,1718,1,0:19:28,0:19:28,1168,VAN,VAN
164,13-Jan,@ VGK,0,2,2,0,0,0,0,0,0,0,0,4,25:23:00,30,2018,1718,0,0:25:23,0:25:23,1523,VGK,OTHER
165,12-Jan,@ ARI,0,2,2,1,0,0,0,0,0,0,0,3,21:00,22,2018,1718,0,0:21:00,0:21:00,1260,ARI,OTHER
166,09-Jan,@ NSH,1,0,1,0,0,0,0,0,0,0,0,6,24:11:00,25,2018,1718,0,0:24:11,0:24:11,1451,NSH,OTHER
167,07-Jan,@ CHI,0,0,0,0,0,0,0,0,0,0,0,6,21:07,25,2018,1718,0,0:21:07,0:21:07,1267,CHI,OTHER
168,06-Jan,@ DAL,0,1,1,0,2,0,1,0,0,0,0,4,20:03,21,2018,1718,0,0:20:03,0:20:03,1203,DAL,OTHER
169,04-Jan,vs ANA,0,1,1,1,0,0,0,0,0,0,0,5,24:04:00,30,2018,1718,1,0:24:04,0:24:04,1444,ANA,OTHER
170,02-Jan,vs LAK,0,0,0,-1,0,0,0,0,0,0,0,2,20:58,23,2018,1718,1,0:20:58,0:20:58,1258,LAK,OTHER
171,31-Dec,vs WPG,0,0,0,0,0,0,0,0,0,0,0,3,18:33,22,2017,1718,1,0:18:33,0:18:33,1113,WPG,WPG
172,29-Dec,vs CHI,0,0,0,-2,0,0,0,0,0,0,0,5,22:24,24,2017,1718,1,0:22:24,0:22:24,1344,CHI,OTHER
173,27-Dec,@ WPG,0,2,2,1,0,0,0,0,1,0,0,1,21:02,23,2017,1718,0,0:21:02,0:21:02,1262,WPG,WPG
174,23-Dec,vs MTL,1,1,2,1,0,0,1,0,0,1,0,2,19:01,22,2017,1718,1,0:19:01,0:19:01,1141,MTL,MTL
175,21-Dec,vs STL,1,0,1,1,0,0,0,0,0,0,0,3,19:27,25,2017,1718,1,0:19:27,0:19:27,1167,STL,OTHER
176,18-Dec,vs SJS,0,0,0,2,0,0,0,0,0,0,0,1,23:09,23,2017,1718,1,0:23:09,0:23:09,1389,SJS,OTHER
177,16-Dec,@ MIN,0,1,1,1,0,0,0,0,0,0,0,3,20:54,26,2017,1718,0,0:20:54,0:20:54,1254,MIN,OTHER
178,14-Dec,vs NSH,0,0,0,-1,2,0,0,0,0,0,0,5,20:53,23,2017,1718,1,0:20:53,0:20:53,1253,NSH,OTHER
179,12-Dec,@ CBJ,1,3,4,3,0,0,1,0,0,0,0,5,18:24,21,2017,1718,0,0:18:24,0:18:24,1104,CBJ,OTHER
180,10-Dec,@ TOR,0,0,0,0,0,0,0,0,0,0,0,4,23:37,21,2017,1718,0,0:23:37,0:23:37,1417,TOR,OTHER
181,09-Dec,@ MTL,0,2,2,1,0,0,1,0,0,0,0,3,17:59,21,2017,1718,0,0:17:59,0:17:59,1079,MTL,MTL
182,06-Dec,vs PHI,0,1,1,0,0,0,0,0,1,0,0,1,21:52,23,2017,1718,1,0:21:52,0:21:52,1312,PHI,OTHER
183,02-Dec,@ CGY,0,1,1,2,0,0,0,0,0,0,0,2,20:00,27,2017,1718,0,0:20:00,0:20:00,1200,CGY,CGY
184,30-Nov,vs TOR,1,0,1,-1,0,0,0,0,0,0,0,3,20:02,25,2017,1718,1,0:20:02,0:20:02,1202,TOR,OTHER
185,28-Nov,vs ARI,0,0,0,0,0,0,0,0,0,0,0,2,23:42,27,2017,1718,1,0:23:42,0:23:42,1422,ARI,OTHER
186,26-Nov,@ BOS,0,2,2,2,0,0,0,0,0,0,0,0,19:40,22,2017,1718,0,0:19:40,0:19:40,1180,BOS,OTHER
187,24-Nov,@ BUF,0,0,0,-2,0,0,0,0,0,0,0,3,22:13,25,2017,1718,0,0:22:13,0:22:13,1333,BUF,OTHER
188,22-Nov,@ DET,0,2,2,2,0,0,0,0,0,0,0,1,18:18,25,2017,1718,0,0:18:18,0:18:18,1098,DET,OTHER
189,21-Nov,@ STL,0,1,1,-2,0,0,0,0,0,0,0,1,16:05,22,2017,1718,0,0:16:05,0:16:05,965,STL,OTHER
190,18-Nov,@ DAL,1,2,3,-3,2,1,1,0,1,0,0,3,18:18,24,2017,1718,0,0:18:18,0:18:18,1098,DAL,OTHER
191,16-Nov,vs STL,0,0,0,-2,0,0,0,0,0,0,0,3,20:21,26,2017,1718,1,0:20:21,0:20:21,1221,STL,OTHER
192,14-Nov,vs VGK,2,1,3,3,0,1,1,0,0,0,0,2,17:19,21,2017,1718,1,0:17:19,0:17:19,1039,VGK,OTHER
193,12-Nov,@ WSH,0,0,0,0,0,0,0,0,0,0,0,3,27:24:00,30,2017,1718,0,0:27:24,0:27:24,1644,WSH,OTHER
194,11-Nov,@ NYR,1,0,1,-2,0,1,1,0,0,0,0,1,24:18:00,27,2017,1718,0,0:24:18,0:24:18,1458,NYR,OTHER
195,09-Nov,@ NJD,0,1,1,1,0,0,0,0,0,0,0,1,23:44,30,2017,1718,0,0:23:44,0:23:44,1424,NJD,OTHER
196,07-Nov,@ NYI,1,0,1,1,0,0,0,0,0,1,1,2,24:28:00,26,2017,1718,0,0:24:28,0:24:28,1468,NYI,OTHER
197,05-Nov,vs DET,0,0,0,-1,0,0,0,0,0,0,0,2,15:55,19,2017,1718,1,0:15:55,0:15:55,955,DET,OTHER
198,03-Nov,vs NJD,0,3,3,1,0,0,1,0,0,0,0,3,19:57,26,2017,1718,1,0:19:57,0:19:57,1197,NJD,OTHER
199,01-Nov,vs PIT,0,2,2,0,0,0,1,0,0,0,0,2,22:52,25,2017,1718,1,0:22:52,0:22:52,1372,PIT,OTHER
200,28-Oct,vs WSH,0,1,1,0,0,0,0,0,0,0,0,4,21:33,22,2017,1718,1,0:21:33,0:21:33,1293,WSH,OTHER
201,26-Oct,vs DAL,1,0,1,3,2,0,0,0,0,0,0,2,22:57,26,2017,1718,1,0:22:57,0:22:57,1377,DAL,OTHER
202,24-Oct,@ PIT,1,0,1,1,0,0,0,0,0,0,0,5,21:57,24,2017,1718,0,0:21:57,0:21:57,1317,PIT,OTHER
203,21-Oct,@ PHI,0,0,0,1,2,0,0,0,0,0,0,4,22:03,22,2017,1718,0,0:22:03,0:22:03,1323,PHI,OTHER
204,19-Oct,@ CHI,0,2,2,0,0,0,1,0,0,0,0,3,24:36:00,26,2017,1718,0,0:24:36,0:24:36,1476,CHI,OTHER
205,17-Oct,vs CAR,0,1,1,-1,0,0,1,0,0,0,0,3,26:31:00,28,2017,1718,1,0:26:31,0:26:31,1591,CAR,OTHER
206,14-Oct,vs OTT,0,1,1,-1,0,0,0,0,0,0,0,5,21:09,25,2017,1718,1,0:21:09,0:21:09,1269,OTT,OTHER
207,09-Oct,vs WPG,0,1,1,-2,0,0,0,0,0,0,0,5,21:16,25,2017,1718,1,0:21:16,0:21:16,1276,WPG,WPG
208,07-Oct,@ VAN,0,0,0,-1,2,0,0,0,0,0,0,2,24:38:00,24,2017,1718,0,0:24:38,0:24:38,1478,VAN,VAN
209,04-Oct,vs CGY,3,0,3,3,0,0,0,0,0,1,0,7,19:32,25,2017,1718,1,0:19:32,0:19:32,1172,CGY,CGY
210,06-Apr,@ CGY,0,0,0,0,0,0,0,0,0,0,0,4,9:40,12,2019,1819,0,0:09:40,0:09:40,580,CGY,CGY
211,04-Apr,vs SJS,0,1,1,0,0,0,0,0,0,0,0,2,25:05:00,26,2019,1819,1,0:25:05,0:25:05,1505,SJS,OTHER
212,02-Apr,@ COL,0,0,0,-2,0,0,0,0,0,0,0,2,20:31,24,2019,1819,0,0:20:31,0:20:31,1231,COL,OTHER
213,01-Apr,@ VGK,1,0,1,-2,0,0,0,0,0,0,0,3,22:50,27,2019,1819,0,0:22:50,0:22:50,1370,VGK,OTHER
214,30-Mar,vs ANA,0,0,0,-3,0,0,0,0,0,0,0,2,22:08,26,2019,1819,1,0:22:08,0:22:08,1328,ANA,OTHER
215,28-Mar,vs DAL,1,1,2,2,0,0,0,0,0,0,0,5,24:22:00,30,2019,1819,1,0:24:22,0:24:22,1462,DAL,OTHER
216,26-Mar,vs LAK,1,3,4,2,0,0,1,0,0,0,0,2,20:10,26,2019,1819,1,0:20:10,0:20:10,1210,LAK,OTHER
217,23-Mar,vs OTT,1,0,1,-1,0,0,0,0,0,0,0,4,23:54,29,2019,1819,1,0:23:54,0:23:54,1434,OTT,OTHER
218,21-Mar,vs CBJ,1,1,2,1,0,0,0,0,0,0,0,1,22:33,24,2019,1819,1,0:22:33,0:22:33,1353,CBJ,OTHER
219,19-Mar,@ STL,0,0,0,-1,0,0,0,0,0,0,0,1,22:50,28,2019,1819,0,0:22:50,0:22:50,1370,STL,OTHER
220,17-Mar,@ VGK,0,2,2,-1,0,0,1,0,0,0,0,1,22:44,26,2019,1819,0,0:22:44,0:22:44,1364,VGK,OTHER
221,16-Mar,@ ARI,2,1,3,3,0,0,0,1,1,1,1,3,25:29:00,30,2019,1819,0,0:25:29,0:25:29,1529,ARI,OTHER
222,13-Mar,vs NJD,0,2,2,-1,0,0,1,0,0,0,0,3,26:40:00,27,2019,1819,1,0:26:40,0:26:40,1600,NJD,OTHER
223,11-Mar,vs NYR,1,1,2,1,0,1,1,0,0,0,0,5,25:39:00,27,2019,1819,1,0:25:39,0:25:39,1539,NYR,OTHER
224,09-Mar,vs TOR,0,2,2,2,0,0,0,0,0,0,0,4,24:30:00,26,2019,1819,1,0:24:30,0:24:30,1470,TOR,OTHER
225,07-Mar,vs VAN,0,2,2,1,2,0,0,0,0,0,0,3,21:53,24,2019,1819,1,0:21:53,0:21:53,1313,VAN,VAN
226,04-Mar,@ BUF,0,2,2,1,0,0,0,0,1,0,0,1,21:32,30,2019,1819,0,0:21:32,0:21:32,1292,BUF,OTHER
227,02-Mar,@ CBJ,0,3,3,4,0,0,0,0,0,0,0,1,21:14,25,2019,1819,0,0:21:14,0:21:14,1274,CBJ,OTHER
228,28-Feb,@ OTT,1,0,1,1,0,0,0,0,0,0,0,6,24:49:00,26,2019,1819,0,0:24:49,0:24:49,1489,OTT,OTHER
229,27-Feb,@ TOR,0,1,1,-2,0,0,1,0,0,0,0,1,21:52,28,2019,1819,0,0:21:52,0:21:52,1312,TOR,OTHER
230,21-Feb,vs NYI,1,1,2,0,2,0,1,0,0,1,1,4,23:31,21,2019,1819,1,0:23:31,0:23:31,1411,NYI,OTHER
231,16-Feb,@ NYI,0,1,1,-1,0,0,1,0,0,0,0,5,25:52:00,23,2019,1819,0,0:25:52,0:25:52,1552,NYI,OTHER
232,15-Feb,@ CAR,0,0,0,-1,0,0,0,0,0,0,0,4,25:07:00,30,2019,1819,0,0:25:07,0:25:07,1507,CAR,OTHER
233,13-Feb,@ PIT,0,1,1,-2,0,0,0,0,0,0,0,4,25:06:00,27,2019,1819,0,0:25:06,0:25:06,1506,PIT,OTHER
234,09-Feb,vs SJS,0,1,1,-1,0,0,0,0,0,0,0,1,20:49,29,2019,1819,1,0:20:49,0:20:49,1249,SJS,OTHER
235,07-Feb,@ MIN,0,2,2,1,0,0,0,0,0,0,0,1,23:03,27,2019,1819,0,0:23:03,0:23:03,1383,MIN,OTHER
236,05-Feb,vs CHI,0,2,2,-1,0,0,2,0,0,0,0,0,21:35,25,2019,1819,1,0:21:35,0:21:35,1295,CHI,OTHER
237,03-Feb,@ MTL,1,0,1,0,0,1,1,0,0,0,0,2,24:05:00,32,2019,1819,0,0:24:05,0:24:05,1445,MTL,MTL
238,02-Feb,@ PHI,1,1,2,2,0,0,0,0,0,0,0,5,23:25,31,2019,1819,0,0:23:25,0:23:25,1405,PHI,OTHER
239,22-Jan,vs DET,0,1,1,-1,0,0,0,0,0,0,0,3,26:11:00,27,2019,1819,1,0:26:11,0:26:11,1571,DET,OTHER
240,20-Jan,vs CAR,0,2,2,-3,0,0,1,0,0,0,0,2,19:19,26,2019,1819,1,0:19:19,0:19:19,1159,CAR,OTHER
241,19-Jan,vs CGY,0,0,0,-1,0,0,0,0,0,0,0,3,23:00,25,2019,1819,1,0:23:00,0:23:00,1380,CGY,CGY
242,16-Jan,@ VAN,1,0,1,0,2,1,1,0,0,0,0,3,26:55:00,31,2019,1819,0,0:26:55,0:26:55,1615,VAN,VAN
243,14-Jan,vs BUF,1,1,2,0,0,0,1,0,0,0,0,3,17:03,23,2019,1819,1,0:17:03,0:17:03,1023,BUF,OTHER
244,12-Jan,vs ARI,1,0,1,0,0,0,0,0,0,0,0,1,24:23:00,25,2019,1819,1,0:24:23,0:24:23,1463,ARI,OTHER
245,10-Jan,vs FLA,2,1,3,2,0,0,0,0,0,0,0,3,27:34:00,31,2019,1819,1,0:27:34,0:27:34,1654,FLA,OTHER
246,08-Jan,@ SJS,0,1,1,-3,0,0,1,0,0,0,0,2,21:24,24,2019,1819,0,0:21:24,0:21:24,1284,SJS,OTHER
247,06-Jan,@ ANA,1,0,1,1,0,0,0,0,0,1,0,6,21:54,26,2019,1819,0,0:21:54,0:21:54,1314,ANA,OTHER
248,05-Jan,@ LAK,0,0,0,-1,0,0,0,0,0,0,0,4,23:11,23,2019,1819,0,0:23:11,0:23:11,1391,LAK,OTHER
249,02-Jan,@ ARI,2,1,3,2,0,0,0,0,0,1,0,3,23:32,28,2019,1819,0,0:23:32,0:23:32,1412,ARI,OTHER
250,31-Dec,vs WPG,0,2,2,1,0,0,0,0,0,0,0,1,22:09,30,2018,1819,1,0:22:09,0:22:09,1329,WPG,WPG
251,29-Dec,vs SJS,2,0,2,1,0,0,0,0,0,0,0,5,19:54,26,2018,1819,1,0:19:54,0:19:54,1194,SJS,OTHER
252,27-Dec,vs VAN,0,2,2,-1,2,0,2,0,0,0,0,1,27:46:00,28,2018,1819,1,0:27:46,0:27:46,1666,VAN,VAN
253,22-Dec,vs TBL,0,3,3,-3,0,0,2,0,0,0,0,5,23:27,26,2018,1819,1,0:23:27,0:23:27,1407,TBL,OTHER
254,18-Dec,vs STL,0,0,0,-1,0,0,0,0,0,0,0,1,23:42,25,2018,1819,1,0:23:42,0:23:42,1422,STL,OTHER
255,16-Dec,@ VAN,0,1,1,0,0,0,0,0,0,0,0,1,23:38,28,2018,1819,0,0:23:38,0:23:38,1418,VAN,VAN
256,14-Dec,vs PHI,2,1,3,2,0,0,0,0,0,1,0,2,19:16,22,2018,1819,1,0:19:16,0:19:16,1156,PHI,OTHER
257,13-Dec,@ WPG,0,2,2,-1,4,0,1,0,0,0,0,1,22:52,30,2018,1819,0,0:22:52,0:22:52,1372,WPG,WPG
258,11-Dec,@ COL,1,1,2,0,0,0,1,0,0,0,0,5,22:17,23,2018,1819,0,0:22:17,0:22:17,1337,COL,OTHER
259,09-Dec,vs CGY,1,0,1,1,0,0,0,0,0,1,0,5,21:43,21,2018,1819,1,0:21:43,0:21:43,1303,CGY,CGY
260,07-Dec,vs MIN,1,3,4,4,0,0,0,0,0,1,0,3,21:03,23,2018,1819,1,0:21:03,0:21:03,1263,MIN,OTHER
261,05-Dec,@ STL,0,1,1,0,0,0,0,0,0,0,0,4,28:01:00,28,2018,1819,0,0:28:01,0:28:01,1681,STL,OTHER
262,01-Dec,vs VGK,1,0,1,0,0,0,0,0,0,0,0,8,23:25,24,2018,1819,1,0:23:25,0:23:25,1405,VGK,OTHER
263,29-Nov,vs LAK,0,1,1,0,0,0,1,0,0,0,0,4,24:35:00,25,2018,1819,1,0:24:35,0:24:35,1475,LAK,OTHER
264,27-Nov,vs DAL,0,0,0,1,0,0,0,0,0,0,0,4,24:05:00,27,2018,1819,1,0:24:05,0:24:05,1445,DAL,OTHER
265,25-Nov,@ LAK,0,1,1,-2,2,0,1,0,0,0,0,4,24:27:00,28,2018,1819,0,0:24:27,0:24:27,1467,LAK,OTHER
266,23-Nov,@ ANA,0,1,1,-1,0,0,1,0,0,0,0,2,23:25,29,2018,1819,0,0:23:25,0:23:25,1405,ANA,OTHER
267,20-Nov,@ SJS,1,2,3,2,0,0,0,0,0,0,0,3,23:57,30,2018,1819,0,0:23:57,0:23:57,1437,SJS,OTHER
268,18-Nov,vs VGK,1,0,1,0,2,0,0,0,0,0,0,6,19:20,22,2018,1819,1,0:19:20,0:19:20,1160,VGK,OTHER
269,17-Nov,@ CGY,1,0,1,-1,2,1,1,0,0,0,0,2,21:29,27,2018,1819,0,0:21:29,0:21:29,1289,CGY,CGY
270,13-Nov,vs MTL,0,3,3,2,0,0,0,0,0,0,0,3,20:27,24,2018,1819,1,0:20:27,0:20:27,1227,MTL,MTL
271,11-Nov,vs COL,0,0,0,-1,0,0,0,0,0,0,0,2,20:28,18,2018,1819,1,0:20:28,0:20:28,1228,COL,OTHER
272,08-Nov,@ FLA,0,1,1,-1,0,0,0,0,0,0,0,2,24:54:00,26,2018,1819,0,0:24:54,0:24:54,1494,FLA,OTHER
273,06-Nov,@ TBL,0,0,0,-2,2,0,0,0,0,0,0,5,18:22,23,2018,1819,0,0:18:22,0:18:22,1102,TBL,OTHER
274,05-Nov,@ WSH,1,0,1,0,0,1,1,0,0,0,0,2,22:54,25,2018,1819,0,0:22:54,0:22:54,1374,WSH,OTHER
275,03-Nov,@ DET,0,2,2,1,0,0,0,0,0,0,0,2,18:12,20,2018,1819,0,0:18:12,0:18:12,1092,DET,OTHER
276,01-Nov,vs CHI,0,1,1,1,0,0,0,0,0,0,0,3,18:34,18,2018,1819,1,0:18:34,0:18:34,1114,CHI,OTHER
277,30-Oct,vs MIN,1,0,1,2,0,0,0,0,0,0,0,5,22:16,25,2018,1819,1,0:22:16,0:22:16,1336,MIN,OTHER
278,28-Oct,@ CHI,1,0,1,1,0,0,0,0,0,1,1,4,22:51,22,2018,1819,0,0:22:51,0:22:51,1371,CHI,OTHER
279,27-Oct,@ NSH,1,1,2,0,0,0,1,0,0,0,0,4,21:10,22,2018,1819,0,0:21:10,0:21:10,1270,NSH,OTHER
280,25-Oct,vs WSH,1,0,1,0,0,0,0,0,0,0,0,5,21:15,25,2018,1819,1,0:21:15,0:21:15,1275,WSH,OTHER
281,23-Oct,vs PIT,1,1,2,-1,0,1,2,0,0,0,0,8,28:26:00,30,2018,1819,1,0:28:26,0:28:26,1706,PIT,OTHER
282,20-Oct,vs NSH,0,0,0,-2,0,0,0,0,0,0,0,2,24:20:00,21,2018,1819,1,0:24:20,0:24:20,1460,NSH,OTHER
283,18-Oct,vs BOS,0,2,2,1,0,0,1,0,0,0,0,2,24:58:00,25,2018,1819,1,0:24:58,0:24:58,1498,BOS,OTHER
284,16-Oct,@ WPG,2,2,4,2,0,2,2,0,0,0,0,3,22:12,26,2018,1819,0,0:22:12,0:22:12,1332,WPG,WPG
285,13-Oct,@ NYR,1,1,2,0,0,1,1,0,0,1,0,2,24:35:00,24,2018,1819,0,0:24:35,0:24:35,1475,NYR,OTHER
286,11-Oct,@ BOS,1,0,1,0,0,0,0,0,0,0,0,4,23:55,22,2018,1819,0,0:23:55,0:23:55,1435,BOS,OTHER
287,06-Oct,@ NJD,0,2,2,0,0,0,1,0,0,0,0,2,23:34,25,2018,1819,0,0:23:34,0:23:34,1414,NJD,OTHER
288,11-Mar,vs WPG,1,0,1,-1,0,0,0,0,0,0,0,4,23:35,21,2020,1920,1,0:23:35,0:23:35,1415,WPG,WPG
289,07-Mar,vs CBJ,1,0,1,1,0,0,0,0,0,0,0,3,17:12,18,2020,1920,1,0:17:12,0:17:12,1032,CBJ,OTHER
290,05-Mar,@ CHI,0,0,0,-2,0,0,0,0,0,0,0,3,21:21,20,2020,1920,0,0:21:21,0:21:21,1281,CHI,OTHER
291,03-Mar,@ DAL,0,1,1,0,0,0,1,0,0,0,0,4,22:03,19,2020,1920,0,0:22:03,0:22:03,1323,DAL,OTHER
292,02-Mar,@ NSH,1,4,5,3,0,0,1,0,0,1,0,1,18:00,19,2020,1920,0,0:18:00,0:18:00,1080,NSH,OTHER
293,29-Feb,vs WPG,0,2,2,0,0,0,2,0,0,0,0,4,18:19,19,2020,1920,1,0:18:19,0:18:19,1099,WPG,WPG
294,26-Feb,@ VGK,0,0,0,-2,0,0,0,0,0,0,0,5,21:53,19,2020,1920,0,0:21:53,0:21:53,1313,VGK,OTHER
295,25-Feb,@ ANA,0,3,3,2,2,0,1,0,0,0,0,2,23:49,23,2020,1920,0,0:23:49,0:23:49,1429,ANA,OTHER
296,23-Feb,@ LAK,1,2,3,1,0,0,1,0,0,1,0,6,19:22,23,2020,1920,0,0:19:22,0:19:22,1162,LAK,OTHER
297,08-Feb,vs NSH,0,1,1,-2,4,0,1,0,0,0,0,3,19:27,20,2020,1920,1,0:19:27,0:19:27,1167,NSH,OTHER
298,06-Feb,vs SJS,1,0,1,-1,0,0,0,0,0,0,0,5,20:34,20,2020,1920,1,0:20:34,0:20:34,1234,SJS,OTHER
299,04-Feb,@ ARI,0,0,0,-3,0,0,0,0,0,0,0,3,22:34,18,2020,1920,0,0:22:34,0:22:34,1354,ARI,OTHER
300,01-Feb,@ CGY,2,0,2,0,0,1,1,0,0,1,0,4,20:15,21,2020,1920,0,0:20:15,0:20:15,1215,CGY,CGY
301,31-Jan,vs STL,0,0,0,0,0,0,0,0,0,0,0,2,20:18,22,2020,1920,1,0:20:18,0:20:18,1218,STL,OTHER
302,29-Jan,vs CGY,0,1,1,0,0,0,1,0,0,0,0,5,27:45:00,26,2020,1920,1,0:27:45,0:27:45,1665,CGY,CGY
303,18-Jan,vs ARI,2,0,2,2,2,1,1,0,0,1,0,4,19:13,19,2020,1920,1,0:19:13,0:19:13,1153,ARI,OTHER
304,14-Jan,vs NSH,0,3,3,-1,0,0,2,0,0,0,0,4,22:06,21,2020,1920,1,0:22:06,0:22:06,1326,NSH,OTHER
305,11-Jan,@ CGY,1,0,1,0,0,0,0,0,0,0,0,3,23:13,23,2020,1920,0,0:23:13,0:23:13,1393,CGY,CGY
306,09-Jan,@ MTL,0,1,1,-1,0,0,1,0,0,0,0,1,19:07,21,2020,1920,0,0:19:07,0:19:07,1147,MTL,MTL
307,06-Jan,@ TOR,1,3,4,3,0,0,1,0,0,0,0,8,24:49:00,22,2020,1920,0,0:24:49,0:24:49,1489,TOR,OTHER
308,04-Jan,@ BOS,1,0,1,1,0,0,0,0,0,0,0,4,19:56,19,2020,1920,0,0:19:56,0:19:56,1196,BOS,OTHER
309,02-Jan,@ BUF,0,0,0,0,0,0,0,0,0,0,0,4,20:52,21,2020,1920,0,0:20:52,0:20:52,1252,BUF,OTHER
310,31-Dec,vs NYR,0,1,1,1,0,0,1,0,0,0,0,2,22:13,18,2019,1920,1,0:22:13,0:22:13,1333,NYR,OTHER
311,27-Dec,vs CGY,1,0,1,-2,0,0,0,0,0,0,0,3,18:52,21,2019,1920,1,0:18:52,0:18:52,1132,CGY,CGY
312,23-Dec,@ VAN,0,1,1,-3,0,0,1,0,0,0,0,2,20:55,21,2019,1920,0,0:20:55,0:20:55,1255,VAN,VAN
313,21-Dec,vs MTL,1,1,2,-1,0,1,1,0,0,0,0,5,23:43,22,2019,1920,1,0:23:43,0:23:43,1423,MTL,MTL
314,20-Dec,vs PIT,0,0,0,-1,0,0,0,0,0,0,0,3,23:02,21,2019,1920,1,0:23:02,0:23:02,1382,PIT,OTHER
315,18-Dec,@ STL,0,0,0,0,2,0,0,0,0,0,0,3,22:19,24,2019,1920,0,0:22:19,0:22:19,1339,STL,OTHER
316,16-Dec,@ DAL,0,2,2,0,0,0,1,0,0,0,0,3,19:04,20,2019,1920,0,0:19:04,0:19:04,1144,DAL,OTHER
317,14-Dec,vs TOR,0,0,0,-2,0,0,0,0,0,0,0,1,22:22,23,2019,1920,1,0:22:22,0:22:22,1342,TOR,OTHER
318,12-Dec,@ MIN,1,1,2,-1,0,0,1,0,0,0,0,1,20:28,22,2019,1920,0,0:20:28,0:20:28,1228,MIN,OTHER
319,10-Dec,vs CAR,0,3,3,2,0,0,1,0,0,0,0,1,24:35:00,23,2019,1920,1,0:24:35,0:24:35,1475,CAR,OTHER
320,08-Dec,vs BUF,0,0,0,-2,2,0,0,0,0,0,0,4,25:23:00,23,2019,1920,1,0:25:23,0:25:23,1523,BUF,OTHER
321,06-Dec,vs LAK,0,1,1,0,0,0,1,0,0,0,0,2,21:27,21,2019,1920,1,0:21:27,0:21:27,1287,LAK,OTHER
322,04-Dec,vs OTT,0,0,0,-2,0,0,0,0,0,0,0,3,24:16:00,19,2019,1920,1,0:24:16,0:24:16,1456,OTT,OTHER
323,01-Dec,@ VAN,0,2,2,1,2,0,1,0,0,0,0,2,23:31,23,2019,1920,0,0:23:31,0:23:31,1411,VAN,VAN
324,30-Nov,vs VAN,1,1,2,0,0,0,0,0,0,0,0,2,22:08,20,2019,1920,1,0:22:08,0:22:08,1328,VAN,VAN
325,27-Nov,@ COL,0,0,0,-1,0,0,0,0,0,0,0,3,19:44,19,2019,1920,0,0:19:44,0:19:44,1184,COL,OTHER
326,24-Nov,@ ARI,0,1,1,-1,0,0,1,0,0,0,0,3,25:48:00,24,2019,1920,0,0:25:48,0:25:48,1548,ARI,OTHER
327,23-Nov,@ VGK,2,0,2,2,0,1,1,0,0,0,0,4,22:06,21,2019,1920,0,0:22:06,0:22:06,1326,VGK,OTHER
328,21-Nov,@ LAK,1,0,1,-2,0,0,0,0,0,0,0,4,20:59,19,2019,1920,0,0:20:59,0:20:59,1259,LAK,OTHER
329,19-Nov,@ SJS,1,2,3,1,2,0,1,0,0,0,0,3,20:55,20,2019,1920,0,0:20:55,0:20:55,1255,SJS,OTHER
330,16-Nov,vs DAL,0,3,3,-2,0,0,1,0,0,0,0,5,23:35,22,2019,1920,1,0:23:35,0:23:35,1415,DAL,OTHER
331,14-Nov,vs COL,3,3,6,1,0,3,4,0,0,0,0,6,17:55,21,2019,1920,1,0:17:55,0:17:55,1075,COL,OTHER
332,12-Nov,@ SJS,0,1,1,0,0,0,0,0,0,0,0,1,18:03,18,2019,1920,0,0:18:03,0:18:03,1083,SJS,OTHER
333,10-Nov,@ ANA,3,0,3,1,4,1,1,0,0,0,0,5,16:19,21,2019,1920,0,0:16:19,0:16:19,979,ANA,OTHER
334,08-Nov,vs NJD,0,1,1,0,0,0,1,0,0,0,0,3,19:17,18,2019,1920,1,0:19:17,0:19:17,1157,NJD,OTHER
335,06-Nov,vs STL,1,1,2,-2,0,1,1,0,0,0,0,7,21:42,22,2019,1920,1,0:21:42,0:21:42,1302,STL,OTHER
336,04-Nov,vs ARI,1,0,1,-1,2,0,0,0,0,0,0,4,23:06,23,2019,1920,1,0:23:06,0:23:06,1386,ARI,OTHER
337,02-Nov,@ PIT,0,0,0,-1,0,0,0,0,0,0,0,3,22:31,21,2019,1920,0,0:22:31,0:22:31,1351,PIT,OTHER
338,30-Oct,@ CBJ,0,1,1,2,0,0,1,0,0,0,0,3,23:25,23,2019,1920,0,0:23:25,0:23:25,1405,CBJ,OTHER
339,29-Oct,@ DET,0,1,1,0,0,0,0,0,0,0,0,3,26:09:00,21,2019,1920,0,0:26:09,0:26:09,1569,DET,OTHER
340,27-Oct,vs FLA,0,1,1,-1,0,0,0,0,0,0,0,4,23:10,20,2019,1920,1,0:23:10,0:23:10,1390,FLA,OTHER
341,24-Oct,vs WSH,1,2,3,4,0,0,0,0,0,0,0,4,27:27:00,22,2019,1920,1,0:27:27,0:27:27,1647,WSH,OTHER
342,22-Oct,@ MIN,0,0,0,-1,0,0,0,0,0,0,0,2,21:23,20,2019,1920,0,0:21:23,0:21:23,1283,MIN,OTHER
343,20-Oct,@ WPG,0,0,0,0,2,0,0,0,0,0,0,4,24:55:00,22,2019,1920,0,0:24:55,0:24:55,1495,WPG,WPG
344,18-Oct,vs DET,0,0,0,1,0,0,0,0,0,0,0,4,23:27,20,2019,1920,1,0:23:27,0:23:27,1407,DET,OTHER
345,16-Oct,vs PHI,1,4,5,3,0,0,2,0,0,0,0,1,18:28,22,2019,1920,1,0:18:28,0:18:28,1108,PHI,OTHER
346,14-Oct,@ CHI,0,0,0,-2,0,0,0,0,0,0,0,2,26:21:00,24,2019,1920,0,0:26:21,0:26:21,1581,CHI,OTHER
347,12-Oct,@ NYR,1,1,2,2,2,1,1,0,0,1,0,3,20:55,22,2019,1920,0,0:20:55,0:20:55,1255,NYR,OTHER
348,10-Oct,@ NJD,1,1,2,0,0,1,2,0,0,0,0,3,25:31:00,27,2019,1920,0,0:25:31,0:25:31,1531,NJD,OTHER
349,08-Oct,@ NYI,0,3,3,0,0,0,2,0,0,0,0,4,20:25,19,2019,1920,0,0:20:25,0:20:25,1225,NYI,OTHER
350,05-Oct,vs LAK,1,3,4,0,2,0,2,0,0,0,0,3,24:07:00,25,2019,1920,1,0:24:07,0:24:07,1447,LAK,OTHER
351,02-Oct,vs VAN,1,0,1,1,0,0,0,0,0,1,0,2,21:40,22,2019,1920,1,0:21:40,0:21:40,1300,VAN,VAN
352,21-Apr,vs MTL,1,2,3,0,2,0,1,0,0,0,0,3,27:10:00,25,2021,2021,1,0:27:10,0:27:10,1630,MTL,MTL
353,19-Apr,vs MTL,1,2,3,3,0,0,0,0,0,1,0,4,27:00:00,24,2021,2021,1,0:27:00,0:27:00,1620,MTL,MTL
354,17-Apr,@ WPG,0,2,2,1,0,0,1,0,0,0,0,1,24:38:00,22,2021,2021,0,0:24:38,0:24:38,1478,WPG,WPG
355,10-Apr,@ CGY,0,0,0,-2,0,0,0,0,0,0,0,1,20:56,17,2021,2021,0,0:20:56,0:20:56,1256,CGY,CGY
356,08-Apr,@ OTT,0,1,1,1,0,0,1,0,0,0,0,4,23:56,20,2021,2021,0,0:23:56,0:23:56,1436,OTT,OTHER
357,07-Apr,@ OTT,1,3,4,2,0,0,1,0,0,1,0,5,23:41,20,2021,2021,0,0:23:41,0:23:41,1421,OTT,OTHER
358,05-Apr,@ MTL,0,0,0,-2,0,0,0,0,0,0,0,1,28:38:00,26,2021,2021,0,0:28:38,0:28:38,1718,MTL,MTL
359,02-Apr,vs CGY,1,0,1,-1,0,1,1,0,0,1,0,2,23:37,22,2021,2021,1,0:23:37,0:23:37,1417,CGY,CGY
360,30-Mar,@ MTL,0,0,0,-2,2,0,0,0,0,0,0,0,16:55,20,2021,2021,0,0:16:55,0:16:55,1015,MTL,MTL
361,29-Mar,@ TOR,0,1,1,0,0,0,0,0,0,0,0,2,23:06,26,2021,2021,0,0:23:06,0:23:06,1386,TOR,OTHER
362,27-Mar,@ TOR,0,2,2,1,0,0,0,0,0,0,0,1,23:05,24,2021,2021,0,0:23:05,0:23:05,1385,TOR,OTHER
363,20-Mar,vs WPG,1,1,2,3,0,0,0,0,0,0,0,5,21:44,21,2021,2021,1,0:21:44,0:21:44,1304,WPG,WPG
364,18-Mar,vs WPG,2,0,2,2,0,0,0,0,0,1,0,4,23:19,23,2021,2021,1,0:23:19,0:23:19,1399,WPG,WPG
365,17-Mar,@ CGY,1,2,3,1,0,1,1,0,0,1,0,5,17:08,18,2021,2021,0,0:17:08,0:17:08,1028,CGY,CGY
366,15-Mar,@ CGY,0,1,1,-1,0,0,0,0,0,0,0,3,25:52:00,23,2021,2021,0,0:25:52,0:25:52,1552,CGY,CGY
367,13-Mar,@ VAN,0,1,1,0,0,0,1,0,0,0,0,7,26:20:00,19,2021,2021,0,0:26:20,0:26:20,1580,VAN,VAN
368,12-Mar,vs OTT,1,2,3,1,0,0,1,0,0,0,0,2,23:26,18,2021,2021,1,0:23:26,0:23:26,1406,OTT,OTHER
369,10-Mar,vs OTT,1,2,3,2,0,0,1,0,0,0,0,4,19:07,17,2021,2021,1,0:19:07,0:19:07,1147,OTT,OTHER
370,08-Mar,vs OTT,0,2,2,2,0,0,1,0,0,0,0,5,25:21:00,23,2021,2021,1,0:25:21,0:25:21,1521,OTT,OTHER
371,06-Mar,vs CGY,1,2,3,3,0,0,0,0,0,1,0,5,24:46:00,23,2021,2021,1,0:24:46,0:24:46,1486,CGY,CGY
372,03-Mar,vs TOR,0,0,0,-1,0,0,0,0,0,0,0,1,17:55,23,2021,2021,1,0:17:55,0:17:55,1075,TOR,OTHER
373,01-Mar,vs TOR,0,0,0,0,2,0,0,0,0,0,0,6,20:59,20,2021,2021,1,0:20:59,0:20:59,1259,TOR,OTHER
374,27-Feb,vs TOR,0,0,0,-3,0,0,0,0,0,0,0,1,20:15,21,2021,2021,1,0:20:15,0:20:15,1215,TOR,OTHER
375,25-Feb,@ VAN,1,1,2,1,0,0,1,0,0,0,0,8,25:24:00,20,2021,2021,0,0:25:24,0:25:24,1524,VAN,VAN
376,23-Feb,@ VAN,1,0,1,-1,0,1,1,0,0,0,0,2,24:46:00,22,2021,2021,0,0:24:46,0:24:46,1486,VAN,VAN
377,20-Feb,vs CGY,3,2,5,3,0,1,2,0,0,0,0,3,17:33,19,2021,2021,1,0:17:33,0:17:33,1053,CGY,CGY
378,19-Feb,@ CGY,0,0,0,1,2,0,0,0,0,0,0,2,21:38,20,2021,2021,0,0:21:38,0:21:38,1298,CGY,CGY
379,17-Feb,vs WPG,0,2,2,1,0,0,1,0,0,0,0,5,24:31:00,21,2021,2021,1,0:24:31,0:24:31,1471,WPG,WPG
380,15-Feb,vs WPG,0,2,2,1,0,0,1,0,0,0,0,7,26:36:00,22,2021,2021,1,0:26:36,0:26:36,1596,WPG,WPG
381,11-Feb,@ MTL,0,1,1,1,0,0,1,0,0,0,0,7,18:45,20,2021,2021,0,0:18:45,0:18:45,1125,MTL,MTL
382,09-Feb,@ OTT,0,0,0,-1,0,0,0,0,0,0,0,3,22:58,19,2021,2021,0,0:22:58,0:22:58,1378,OTT,OTHER
383,08-Feb,@ OTT,0,1,1,0,0,0,0,0,0,0,0,3,21:48,23,2021,2021,0,0:21:48,0:21:48,1308,OTT,OTHER
384,06-Feb,@ CGY,1,1,2,-1,2,1,1,0,0,0,0,4,28:16:00,22,2021,2021,0,0:28:16,0:28:16,1696,CGY,CGY
385,02-Feb,vs OTT,0,2,2,1,2,0,0,0,0,0,0,1,19:59,21,2021,2021,1,0:19:59,0:19:59,1199,OTT,OTHER
386,31-Jan,vs OTT,1,4,5,-1,0,1,4,0,0,1,0,5,17:12,19,2021,2021,1,0:17:12,0:17:12,1032,OTT,OTHER
387,30-Jan,vs TOR,2,1,3,1,0,1,1,0,0,1,1,3,23:54,26,2021,2021,1,0:23:54,0:23:54,1434,TOR,OTHER
388,28-Jan,vs TOR,0,2,2,-1,0,0,2,0,0,0,0,0,25:42:00,22,2021,2021,1,0:25:42,0:25:42,1542,TOR,OTHER
389,26-Jan,@ WPG,1,1,2,-1,0,0,1,0,0,0,0,2,18:38,25,2021,2021,0,0:18:38,0:18:38,1118,WPG,WPG
390,24-Jan,@ WPG,0,3,3,3,0,0,0,0,0,0,0,5,23:23,24,2021,2021,0,0:23:23,0:23:23,1403,WPG,WPG
391,22-Jan,@ TOR,1,0,1,0,0,0,0,0,0,0,0,7,23:28,21,2021,2021,0,0:23:28,0:23:28,1408,TOR,OTHER
392,20-Jan,@ TOR,0,1,1,0,2,0,0,0,0,0,0,4,22:38,23,2021,2021,0,0:22:38,0:22:38,1358,TOR,OTHER
393,18-Jan,vs MTL,0,0,0,-1,2,0,0,0,0,0,0,1,21:52,21,2021,2021,1,0:21:52,0:21:52,1312,MTL,MTL
394,16-Jan,vs MTL,0,1,1,-1,0,0,0,0,0,0,0,2,19:13,19,2021,2021,1,0:19:13,0:19:13,1153,MTL,MTL
395,14-Jan,vs VAN,3,1,4,2,2,1,2,0,0,1,0,9,21:37,20,2021,2021,1,0:21:37,0:21:37,1297,VAN,VAN
396,13-Jan,vs VAN,0,0,0,-1,0,0,0,0,0,0,0,5,26:24:00,25,2021,2021,1,0:26:24,0:26:24,1584,VAN,VAN
397,26-Apr,@ WPG,3,1,4,4,0,0,0,0,0,1,0,7,16:03,17,2021,2021,0,0:16:03,0:16:03,963,WPG,WPG
398,28-Apr,@ WPG,0,3,3,0,0,0,2,0,0,0,0,5,23:16,22,2021,2021,0,0:23:16,0:23:16,1396,WPG,WPG
399,01-May,vs CGY,1,2,3,3,0,1,1,0,0,0,0,3,22:00,23,2021,2021,1,0:22:00,0:22:00,1320,CGY,CGY
400,03-May,@ VAN,2,2,4,4,0,0,0,0,0,0,0,2,18:40,20,2021,2021,0,0:18:40,0:18:40,1120,VAN,VAN
401,04-May,@ VAN,0,2,2,0,0,0,1,0,0,0,0,2,19:04,16,2021,2021,0,0:19:04,0:19:04,1144,VAN,VAN
402,06-May,vs VAN,0,3,3,-1,0,0,1,0,0,0,0,6,20:01,20,2021,2021,1,0:20:01,0:20:01,1201,VAN,VAN
403,10-May,@ MTL,1,1,2,-1,0,0,0,0,0,1,1,3,19:07,22,2021,2021,0,0:19:07,0:19:07,1147,MTL,MTL
404,12-May,@ MTL,0,2,2,-2,0,0,2,0,0,0,0,2,15:12,16,2021,2021,0,0:15:12,0:15:12,912,MTL,MTL
405,08-May,vs VAN,1,3,4,1,2,0,2,0,0,0,0,4,22:15,19,2021,2021,1,0:22:15,0:22:15,1335,VAN,VAN
406,29-Apr,vs CGY,0,0,0,-1,0,0,0,0,0,0,0,3,23:37,23,2021,2021,1,0:23:37,0:23:37,1417,CGY,CGY
407,15-May,vs VAN,0,1,1,-2,0,0,0,0,0,0,0,3,16:12,15,2021,2021,1,0:16:12,0:16:12,972,VAN,VAN
408,1666396800,@ VGK,0,2,2,0,0,0,1,0,0,0,0,7,-2209001820,22,2022,2022,0,00:-2209,NA,NA,VGK,OTHER
409,1666310400,@ ARI,2,1,3,0,0,1,2,0,0,0,0,2,-2209019460,17,2022,2022,0,00:-2209,NA,NA,ARI,OTHER
410,1666137600,vs ANA,1,2,3,1,0,0,1,0,0,0,0,2,-2208982680,20,2022,2022,1,00:-2208,NA,NA,ANA,OTHER
411,1665878400,vs CGY,3,0,3,2,2,2,2,0,0,1,0,8,-2208994140,23,2022,2022,1,00:-2208,NA,NA,CGY,CGY
412,1665619200,vs VAN,0,2,2,0,0,0,1,0,0,0,0,2,-2208987720,24,2022,2022,1,00:-2208,NA,NA,VAN,VAN
413,1666828800,vs PHI,1,1,2,-1,0,1,1,0,0,0,0,9,-2208983040,21,2022,2022,1,00:-2208,NA,NA,PHI,OTHER
414,1667088000,@ VAN,0,1,1,-1,0,0,1,0,0,0,0,9,-2208995340,19,2022,2022,0,00:-2208,NA,NA,VAN,VAN
415,1667260800,vs SEA,0,1,1,1,0,0,0,0,0,0,0,4,-2208998040,17,2022,2022,1,00:-2208,NA,NA,SEA,OTHER
416,1667433600,vs NSH,0,2,2,2,0,0,1,0,0,0,0,1,-2209005780,18,2022,2022,1,00:-2209,NA,NA,NSH,OTHER
417,1667606400,vs NYR,1,2,3,1,0,0,1,0,0,0,0,2,-2208983640,26,2022,2022,1,00:-2208,NA,NA,NYR,OTHER
418,1667952000,@ DET,1,0,1,-1,0,0,0,0,0,0,0,2,-2208984720,22,2022,2022,0,00:-2208,NA,NA,DET,OTHER
419,1668124800,@ BOS,0,1,1,0,0,0,0,0,0,0,0,4,-2208999960,21,2022,2022,0,00:-2208,NA,NA,BOS,OTHER
420,1668211200,@ BUF,0,1,1,-2,0,0,1,0,0,0,0,4,-2208990840,21,2022,2022,0,00:-2208,NA,NA,BUF,OTHER
421,1668384000,@ STL,1,1,2,1,2,0,1,0,0,0,0,3,-2208993480,24,2022,2022,0,00:-2208,NA,NA,STL,OTHER
422,1668556800,@ WPG,0,2,2,-1,2,0,2,0,0,0,0,3,-2208988320,19,2022,2022,0,00:-2208,NA,NA,WPG,WPG
423,1668729600,vs WPG,1,0,1,1,4,0,0,0,0,0,0,4,-2208994980,25,2022,2022,1,00:-2208,NA,NA,WPG,WPG
424,1668902400,vs CHI,1,1,2,1,0,0,1,0,0,0,0,2,-2209001220,20,2022,2022,1,00:-2209,NA,NA,CHI,OTHER
425,1669161600,@ DAL,0,0,0,-1,0,0,0,0,0,0,0,3,-2208999600,21,2022,2022,0,00:-2208,NA,NA,DAL,OTHER
426,1669248000,@ ARI,2,2,4,2,0,1,2,0,0,0,0,6,-2208991380,22,2022,2022,0,00:-2208,NA,NA,ARI,OTHER
427,1669507200,@ VGK,0,0,0,-1,0,0,0,0,0,0,0,1,-2208995940,20,2022,2022,0,00:-2208,NA,NA,VGK,OTHER
428,1669852800,vs PIT,1,3,4,5,0,0,0,0,0,0,0,2,-2209000020,21,2022,2022,1,00:-2209,NA,NA,PIT,OTHER
429,1670025600,@ SEA,1,1,2,0,0,0,1,0,0,0,0,3,-2208982020,21,2022,2022,0,00:-2208,NA,NA,SEA,OTHER
430,1670198400,vs LAK,0,0,0,0,15,0,0,0,0,0,0,4,-2209004700,19,2022,2022,1,00:-2209,NA,NA,LAK,OTHER
431,1670371200,vs MIN,0,1,1,-1,0,0,0,0,0,0,0,4,-2208994680,19,2022,2022,1,00:-2208,NA,NA,MIN,OTHER
432,1670544000,vs BOS,0,2,2,-1,0,0,2,0,0,0,0,4,-2208978780,19,2022,2022,1,00:-2208,NA,NA,BOS,OTHER
433,1670716800,vs CAR,0,0,0,-2,0,0,0,0,0,0,0,3,-2208995640,22,2022,2022,1,00:-2208,NA,NA,CAR,OTHER
434,1670976000,vs TOR,0,0,0,-2,0,0,0,0,0,0,0,2,-2208998340,25,2022,2022,1,00:-2208,NA,NA,TOR,OTHER
435,1671148800,vs CBJ,0,2,2,1,0,0,1,0,0,0,0,5,-2208999960,19,2022,2022,1,00:-2208,NA,NA,CBJ,OTHER
436,1671321600,@ SEA,1,1,2,2,0,0,0,0,0,0,0,4,-2208991680,28,2022,2022,0,00:-2208,NA,NA,SEA,OTHER
437,1645056000,vs ANA,0,2,2,1,2,0,0,0,0,0,0,7,-2208995700,26,2022,2022,1,00:-2208,NA,NA,ANA,OTHER
438,1644883200,@ LAK,1,1,2,1,2,0,0,0,0,0,0,2,-2208998940,19,2022,2022,0,00:-2208,NA,NA,LAK,OTHER
439,1644796800,@ SJS,1,0,1,1,0,0,0,0,0,0,0,7,-2209007340,21,2022,2022,0,00:-2209,NA,NA,SJS,OTHER
440,1644537600,vs NYI,0,2,2,2,0,0,0,0,0,0,0,3,-2209001100,23,2022,2022,1,00:-2209,NA,NA,NYI,OTHER
441,1644364800,vs CHI,0,1,1,0,0,0,1,0,0,0,0,3,-2209004880,16,2022,2022,1,00:-2209,NA,NA,CHI,OTHER
442,1644278400,vs VGK,0,0,0,-2,0,0,0,0,0,0,0,2,-2209000260,18,2022,2022,1,00:-2209,NA,NA,VGK,OTHER
443,1643760000,@ WSH,1,0,1,1,0,1,1,0,0,0,0,3,-2208997680,20,2022,2022,0,00:-2208,NA,NA,WSH,OTHER
444,1643587200,@ OTT,1,0,1,0,0,0,0,0,0,0,0,5,-2208984420,23,2022,2022,0,00:-2208,NA,NA,OTT,OTHER
445,1643414400,@ MTL,0,0,0,1,0,0,0,0,0,0,0,2,-2209012380,18,2022,2022,0,00:-2209,NA,NA,MTL,MTL
446,1643241600,vs NSH,1,0,1,1,0,0,0,0,0,0,0,4,-2208981060,22,2022,2022,1,00:-2208,NA,NA,NSH,OTHER
447,1643068800,@ VAN,1,1,2,1,2,0,0,0,0,1,1,6,-2208976320,24,2022,2022,0,00:-2208,NA,NA,VAN,VAN
448,1642809600,vs CGY,0,2,2,0,0,0,2,0,0,0,0,1,-2208993420,23,2022,2022,1,00:-2208,NA,NA,CGY,CGY
449,1642636800,vs FLA,0,0,0,-1,0,0,0,0,0,0,0,3,-2209000140,18,2022,2022,1,00:-2209,NA,NA,FLA,OTHER
450,1642204800,vs OTT,0,0,0,-2,0,0,0,0,0,0,0,7,-2208983880,24,2022,2022,1,00:-2208,NA,NA,OTT,OTHER
451,1641168000,@ NYR,0,0,0,0,0,0,0,0,0,0,0,7,-2209006860,20,2022,2022,0,00:-2209,NA,NA,NYR,OTHER
452,1640995200,@ NYI,0,1,1,0,2,0,0,0,0,0,0,3,-2208995940,24,2022,2022,0,00:-2208,NA,NA,NYI,OTHER
453,1672444800,@ NJD,2,0,2,-1,0,0,0,0,0,0,0,3,-2208974580,27,2022,2022,0,00:-2208,NA,NA,NJD,OTHER
454,1672272000,@ STL,0,1,1,1,0,0,0,0,0,0,0,4,-2208992460,22,2022,2022,0,00:-2208,NA,NA,STL,OTHER
